file,dataset,librosa_F,v1_F,v2_F,gt_beats,lb_F_30,v1_F_30,v2_F_30,lb_F_50,v1_F_50,v2_F_50,lb_F_70,v1_F_70,v2_F_70,lb_F_90,v1_F_90,v2_F_90
reggae.00075.wav,GTZAN,0.979,0.9517,0.9583,72,0.7273,0.4966,0.5417,0.965,0.8552,0.8611,0.979,0.9517,0.9583,0.993,0.9931,0.9861
Media-105906.wav,Ballroom,0.6992,0.717,0.8414,66,0.1789,0.5283,0.6897,0.5366,0.6792,0.8276,0.6992,0.717,0.8414,0.7154,0.7296,0.869
blues.00074.wav,GTZAN,0.991,0.8739,0.8966,56,0.6486,0.7899,0.8276,0.955,0.8739,0.8966,0.991,0.8739,0.8966,0.991,0.8739,0.8966
Media-106116.wav,Ballroom,0.9884,0.96,0.977,85,0.407,0.8,0.8851,0.9651,0.9486,0.977,0.9884,0.96,0.977,0.9884,0.96,0.977
022.wav,Hainsworth,0.641,0.495,0.622,52,0.2179,0.4356,0.5854,0.5385,0.495,0.622,0.641,0.495,0.622,0.6667,0.495,0.6341
Albums-StrictlyDancing_Tango-02.wav,Ballroom,0.9474,0.9483,0.9825,57,0.0877,0.8966,0.9825,0.7193,0.931,0.9825,0.9474,0.9483,0.9825,0.9474,0.9483,0.9825
metal.00005.wav,GTZAN,0.974,0.9744,0.9333,77,0.4675,0.8077,0.88,0.961,0.9487,0.9333,0.974,0.9744,0.9333,0.987,0.9744,0.9333
hiphop.00037.wav,GTZAN,0.5872,0.5366,0.6139,37,0.3853,0.3902,0.4554,0.5688,0.5366,0.6139,0.5872,0.5366,0.6139,0.6606,0.5366,0.6139
country.00067.wav,GTZAN,0.875,0.6458,0.7143,32,0.5312,0.3958,0.5476,0.8438,0.5833,0.6667,0.875,0.6458,0.7143,0.9062,0.6458,0.7381
Media-103410.wav,Ballroom,0.887,0.7949,0.9841,62,0.1739,0.7949,0.9841,0.8,0.7949,0.9841,0.887,0.7949,0.9841,0.887,0.7949,0.9841
hiphop.00046.wav,GTZAN,0.9574,0.9796,0.9796,49,0.8723,0.8163,0.9592,0.9574,0.9592,0.9592,0.9574,0.9796,0.9796,0.9574,0.9796,0.9796
Media-103606.wav,Ballroom,0.2264,0.512,0.5607,39,0.0566,0.448,0.5421,0.1698,0.496,0.5607,0.2264,0.512,0.5607,0.283,0.528,0.5607
jazz.00008.wav,GTZAN,0.8224,0.8718,0.8926,55,0.486,0.6325,0.7107,0.785,0.8034,0.7934,0.8224,0.8718,0.8926,0.8785,0.906,0.9091
disco.00095.wav,GTZAN,0.9833,0.9756,0.9917,60,0.55,0.9106,0.9091,0.9833,0.9756,0.9917,0.9833,0.9756,0.9917,0.9833,0.9756,0.9917
jazz.00068.wav,GTZAN,0.8857,0.5825,0.8,37,0.4857,0.4272,0.4941,0.8286,0.5437,0.7529,0.8857,0.5825,0.8,0.8857,0.6602,0.8235
classical.00049.wav,GTZAN,0.3516,0.3119,0.2913,38,0.2418,0.1101,0.1748,0.3077,0.2752,0.233,0.3516,0.3119,0.2913,0.3516,0.367,0.3301
00_Jazz3-137-Eb_comp_mix.wav,GuitarSet,0.5,0.3297,0.2192,64,0.3438,0.1319,0.0822,0.4375,0.2857,0.1918,0.5,0.3297,0.2192,0.5312,0.3736,0.2466
Albums-Cafe_Paradiso-06.wav,Ballroom,0.9286,0.876,0.9298,53,0.375,0.7934,0.9123,0.9107,0.876,0.9298,0.9286,0.876,0.9298,0.9286,0.876,0.9298
rock.00088.wav,GTZAN,0.9302,0.9462,1.0,46,0.7442,0.8172,0.9348,0.907,0.9462,1.0,0.9302,0.9462,1.0,0.9302,0.9677,1.0
pop.00016.wav,GTZAN,0.7778,0.8522,0.8545,55,0.7556,0.6609,0.7818,0.7778,0.8,0.8364,0.7778,0.8522,0.8545,0.7778,0.887,0.8909
disco.00081.wav,GTZAN,0.3774,0.7308,0.8722,65,0.2264,0.6795,0.797,0.3774,0.7308,0.8722,0.3774,0.7308,0.8722,0.3774,0.7436,0.8722
pop.00050.wav,GTZAN,0.6415,0.6087,0.6364,35,0.4528,0.4,0.5818,0.6415,0.5913,0.6364,0.6415,0.6087,0.6364,0.6415,0.6087,0.6364
disco.00057.wav,GTZAN,0.9828,1.0,1.0,59,0.6379,0.9661,0.9831,0.9828,1.0,1.0,0.9828,1.0,1.0,0.9828,1.0,1.0
country.00092.wav,GTZAN,0.0,0.0473,0.0121,82,0.0,0.0237,0.0,0.0,0.0473,0.0121,0.0,0.0473,0.0121,0.0,0.0473,0.0121
Media-105705.wav,Ballroom,0.6604,0.8657,0.9173,63,0.6415,0.5075,0.5865,0.6604,0.8657,0.9023,0.6604,0.8657,0.9173,0.6604,0.8657,0.9323
089.wav,Hainsworth,0.9911,0.9912,0.9956,113,0.5446,0.9292,0.9689,0.9554,0.9823,0.9956,0.9911,0.9912,0.9956,0.9911,1.0,0.9956
pop.00002.wav,GTZAN,0.4,0.9683,0.9683,63,0.2667,0.9206,0.9683,0.4,0.9683,0.9683,0.4,0.9683,0.9683,0.4,0.9683,0.9683
classical.00078.wav,GTZAN,0.8621,0.5714,0.6761,33,0.4828,0.2857,0.3099,0.8276,0.4286,0.507,0.8621,0.5714,0.6761,0.8621,0.5714,0.6761
rock.00020.wav,GTZAN,0.8776,0.6412,0.6164,50,0.5714,0.4275,0.4521,0.6939,0.5802,0.5616,0.8776,0.6412,0.6164,0.8776,0.687,0.6438
Media-103506.wav,Ballroom,0.2637,0.7778,0.9583,46,0.1319,0.6296,0.8958,0.2418,0.7778,0.9583,0.2637,0.7778,0.9583,0.2637,0.7778,0.9583
107.wav,Hainsworth,0.4053,0.6569,0.7541,123,0.0705,0.6131,0.7049,0.2819,0.6423,0.7541,0.4053,0.6569,0.7541,0.4581,0.6569,0.7541
disco.00009.wav,GTZAN,0.9683,0.9924,0.9922,65,0.6984,0.9008,0.9147,0.9683,0.9924,0.9922,0.9683,0.9924,0.9922,0.9683,0.9924,0.9922
country.00074.wav,GTZAN,0.66,0.5385,0.5918,34,0.32,0.3269,0.449,0.62,0.5192,0.5714,0.66,0.5385,0.5918,0.66,0.5577,0.6122
Media-105419.wav,Ballroom,0.5,0.5946,0.7541,25,0.24,0.4595,0.7213,0.44,0.5946,0.7541,0.5,0.5946,0.7541,0.5,0.6216,0.7869
blues.00047.wav,GTZAN,0.9054,0.8951,0.8971,75,0.3514,0.6573,0.5882,0.7703,0.8392,0.8529,0.9054,0.8951,0.8971,0.9595,0.9231,0.8971
Media-104011.wav,Ballroom,0.9787,0.768,0.9792,48,0.3617,0.752,0.9792,0.9787,0.768,0.9792,0.9787,0.768,0.9792,0.9787,0.768,0.9792
country.00075.wav,GTZAN,0.9375,0.8785,0.9796,48,0.6042,0.5421,0.8776,0.9167,0.7664,0.9184,0.9375,0.8785,0.9796,0.9375,0.8785,0.9796
Albums-Chrisanne3-15.wav,Ballroom,0.5563,0.7368,0.8571,102,0.1854,0.6105,0.7755,0.3444,0.6947,0.8367,0.5563,0.7368,0.8571,0.6093,0.7684,0.8673
metal.00041.wav,GTZAN,0.9915,0.9016,0.906,59,0.4786,0.8525,0.8547,0.906,0.8689,0.8889,0.9915,0.9016,0.906,0.9915,0.9016,0.9402
152.wav,Hainsworth,0.2353,0.4643,0.4324,25,0.1176,0.2857,0.2703,0.1176,0.3571,0.3784,0.2353,0.4643,0.4324,0.3137,0.4643,0.4865
Albums-Latin_Jam-04.wav,Ballroom,1.0,0.9922,1.0,64,0.4531,0.9302,1.0,0.9844,0.9922,1.0,1.0,0.9922,1.0,1.0,0.9922,1.0
pop.00091.wav,GTZAN,0.9913,0.9915,1.0,58,0.487,0.9573,0.9828,0.9913,0.9744,1.0,0.9913,0.9915,1.0,0.9913,0.9915,1.0
reggae.00099.wav,GTZAN,0.5952,0.78,0.7135,118,0.3333,0.67,0.6486,0.5714,0.77,0.7027,0.5952,0.78,0.7135,0.5952,0.8,0.7135
classical.00061.wav,GTZAN,0.9804,0.961,0.9315,77,0.4052,0.7792,0.7945,0.8627,0.9091,0.9041,0.9804,0.961,0.9315,0.9935,0.974,0.9452
pop.00019.wav,GTZAN,0.9438,0.9485,0.9787,47,0.764,0.8041,0.9362,0.9438,0.9485,0.9787,0.9438,0.9485,0.9787,0.9438,0.9485,0.9787
02_Jazz2-110-Bb_comp_mix.wav,GuitarSet,0.8189,0.4615,0.439,64,0.2677,0.3297,0.3902,0.5984,0.4176,0.439,0.8189,0.4615,0.439,0.9764,0.4835,0.439
04_SS2-107-Ab_comp_mix.wav,GuitarSet,0.2993,0.629,0.7603,64,0.0544,0.5161,0.6446,0.1905,0.6129,0.7438,0.2993,0.629,0.7603,0.4218,0.6452,0.7769
Media-104609.wav,Ballroom,0.9659,0.978,0.989,91,0.3864,0.8791,0.967,0.8977,0.967,0.989,0.9659,0.978,0.989,0.9659,0.978,0.989
metal.00009.wav,GTZAN,0.973,0.6,0.6803,57,0.6306,0.3625,0.5578,0.973,0.55,0.6395,0.973,0.6,0.6803,0.973,0.6,0.6803
03_SS1-68-E_comp_mix.wav,GuitarSet,0.3448,0.5185,0.3478,48,0.1034,0.4259,0.2319,0.2414,0.5,0.3188,0.3448,0.5185,0.3478,0.3448,0.5185,0.3478
Media-105517.wav,Ballroom,0.539,0.9552,0.9849,100,0.1277,0.8955,0.9648,0.2695,0.9552,0.9849,0.539,0.9552,0.9849,0.5816,0.9652,0.9849
Media-103407.wav,Ballroom,0.9667,0.9531,0.9841,62,0.4167,0.9531,0.9841,0.95,0.9531,0.9841,0.9667,0.9531,0.9841,0.9667,0.9531,0.9841
05_SS3-98-C_comp_mix.wav,GuitarSet,0.3522,0.5507,0.4112,64,0.1258,0.4348,0.3551,0.2264,0.5217,0.3925,0.3522,0.5507,0.4112,0.3899,0.5507,0.4112
00_Funk2-108-Eb_comp_mix.wav,GuitarSet,0.2993,0.3238,0.5192,64,0.0816,0.2095,0.4231,0.2177,0.3238,0.5192,0.2993,0.3238,0.5192,0.381,0.3238,0.5385
classical.00039.wav,GTZAN,0.2718,0.2031,0.1235,33,0.1553,0.1094,0.0494,0.2524,0.1719,0.1235,0.2718,0.2031,0.1235,0.2913,0.2188,0.1481
00_SS3-84-Bb_comp_mix.wav,GuitarSet,0.1575,0.4356,0.3117,64,0.0315,0.2574,0.1818,0.0787,0.3564,0.2857,0.1575,0.4356,0.3117,0.2677,0.4356,0.3117
02_SS2-88-F_comp_mix.wav,GuitarSet,0.3932,0.6119,0.3678,64,0.0513,0.2836,0.1839,0.1709,0.4478,0.3218,0.3932,0.6119,0.3678,0.6496,0.6418,0.4138
Albums-Ballroom_Classics4-03.wav,Ballroom,0.5882,0.8211,0.8636,43,0.2824,0.6316,0.7045,0.4,0.7368,0.7955,0.5882,0.8211,0.8636,0.6353,0.8421,0.8636
blues.00076.wav,GTZAN,0.9739,0.9587,0.95,58,0.7652,0.5455,0.8,0.9565,0.9256,0.95,0.9739,0.9587,0.95,0.9739,0.9587,0.95
classical.00096.wav,GTZAN,0.9254,0.7733,0.8741,67,0.4478,0.5067,0.5926,0.7761,0.6667,0.7704,0.9254,0.7733,0.8741,0.9552,0.8133,0.8741
rock.00083.wav,GTZAN,0.9573,1.0,1.0,61,0.3419,0.918,0.8525,0.9402,1.0,1.0,0.9573,1.0,1.0,0.9573,1.0,1.0
208.wav,Hainsworth,0.8933,0.7568,0.9441,78,0.0533,0.6703,0.8571,0.5467,0.7568,0.9317,0.8933,0.7568,0.9441,0.96,0.7784,0.9441
Albums-Latino_Latino-05.wav,Ballroom,0.8624,0.813,0.9123,55,0.2018,0.6667,0.8596,0.6422,0.7967,0.8947,0.8624,0.813,0.9123,0.9174,0.813,0.9123
jazz.00038.wav,GTZAN,0.8904,0.8322,0.8874,75,0.411,0.6577,0.6887,0.863,0.7651,0.8344,0.8904,0.8322,0.8874,0.9726,0.8456,0.8874
Media-103515.wav,Ballroom,0.6555,0.8844,0.9937,79,0.1513,0.8571,0.9937,0.605,0.8844,0.9937,0.6555,0.8844,0.9937,0.6555,0.8844,0.9937
rock.00018.wav,GTZAN,0.906,0.9167,0.9268,59,0.3248,0.8333,0.7805,0.8889,0.9167,0.9268,0.906,0.9167,0.9268,0.9744,0.9167,0.9268
country.00002.wav,GTZAN,0.5641,0.88,0.9878,83,0.2051,0.7067,0.8902,0.4786,0.8667,0.9756,0.5641,0.88,0.9878,0.5812,0.88,0.9878
Media-106107.wav,Ballroom,0.9263,0.9333,0.932,49,0.3368,0.819,0.9126,0.9263,0.9143,0.932,0.9263,0.9333,0.932,0.9263,0.9333,0.932
disco.00079.wav,GTZAN,0.9917,1.0,1.0,61,0.7107,1.0,0.9836,0.9917,1.0,1.0,0.9917,1.0,1.0,0.9917,1.0,1.0
112.wav,Hainsworth,0.9891,0.6847,0.6624,138,0.1673,0.6306,0.6433,0.7636,0.6727,0.6624,0.9891,0.6847,0.6624,0.9964,0.7087,0.6815
rock.00057.wav,GTZAN,0.9839,0.9688,0.9844,63,0.5968,0.875,0.9688,0.9839,0.9688,0.9844,0.9839,0.9688,0.9844,0.9839,0.9688,0.9844
Media-105414.wav,Ballroom,0.5984,0.8914,0.9708,86,0.0157,0.8457,0.9591,0.3622,0.8914,0.9708,0.5984,0.8914,0.9708,0.6142,0.9029,0.9708
disco.00091.wav,GTZAN,0.9247,0.9901,1.0,50,0.7957,0.7129,0.88,0.9247,0.9901,1.0,0.9247,0.9901,1.0,0.9247,0.9901,1.0
Media-105214.wav,Ballroom,0.4628,0.6275,0.6437,40,0.1322,0.4706,0.3908,0.2479,0.5882,0.6207,0.4628,0.6275,0.6437,0.595,0.6863,0.7356
233.wav,Hainsworth,0.9912,0.9957,0.9957,115,0.2456,0.987,0.9957,0.9298,0.9957,0.9957,0.9912,0.9957,0.9957,0.9912,0.9957,0.9957
jazz.00079.wav,GTZAN,1.0,0.7183,0.9391,54,0.5185,0.4648,0.713,0.9259,0.6479,0.9043,1.0,0.7183,0.9391,1.0,0.7324,0.9391
Albums-Macumba-11.wav,Ballroom,0.9583,0.7385,0.9796,48,0.1875,0.6462,0.9796,0.8125,0.7385,0.9796,0.9583,0.7385,0.9796,0.9583,0.7385,0.9796
Media-104907.wav,Ballroom,0.374,0.8175,0.8387,63,0.0488,0.6569,0.5161,0.1626,0.8029,0.7903,0.374,0.8175,0.8387,0.5366,0.8321,0.871
reggae.00097.wav,GTZAN,0.4706,0.5,0.5111,26,0.1961,0.3542,0.3778,0.3922,0.4583,0.4444,0.4706,0.5,0.5111,0.4706,0.5,0.5111
country.00047.wav,GTZAN,0.9933,0.9934,1.0,75,0.1879,0.9669,0.9867,0.8188,0.9934,1.0,0.9933,0.9934,1.0,0.9933,0.9934,1.0
082.wav,Hainsworth,0.9798,1.0,0.995,99,0.2323,0.9899,0.995,0.8788,1.0,0.995,0.9798,1.0,0.995,0.9899,1.0,0.995
jazz.00051.wav,GTZAN,0.9787,0.9388,0.9895,48,0.766,0.6327,0.7368,0.9787,0.8571,0.9263,0.9787,0.9388,0.9895,0.9787,0.9388,0.9895
metal.00011.wav,GTZAN,0.6335,0.5025,0.474,80,0.2112,0.2714,0.2775,0.4845,0.4623,0.4046,0.6335,0.5025,0.474,0.6832,0.5729,0.5549
Albums-Chrisanne3-03.wav,Ballroom,0.9425,0.8039,0.8037,44,0.2989,0.7059,0.785,0.8276,0.8039,0.8037,0.9425,0.8039,0.8037,0.9655,0.8235,0.8224
metal.00049.wav,GTZAN,0.6351,0.6286,0.9406,99,0.1622,0.4163,0.6931,0.6081,0.5878,0.8713,0.6351,0.6286,0.9406,0.6622,0.6531,0.9406
blues.00032.wav,GTZAN,0.3077,0.3788,0.322,62,0.1692,0.2273,0.2203,0.2769,0.3333,0.2203,0.3077,0.3788,0.322,0.4308,0.4848,0.4237
224.wav,Hainsworth,0.0,0.5968,0.744,94,0.0,0.4435,0.704,0.0,0.5726,0.728,0.0,0.5968,0.744,0.0,0.5968,0.752
Albums-Cafe_Paradiso-04.wav,Ballroom,0.313,0.9245,0.98,50,0.0522,0.9245,0.98,0.2435,0.9245,0.98,0.313,0.9245,0.98,0.313,0.9245,0.98
disco.00070.wav,GTZAN,0.9908,0.9821,1.0,55,0.6239,0.5893,0.6545,0.9908,0.8929,0.9091,0.9908,0.9821,1.0,0.9908,0.9821,1.0
disco.00062.wav,GTZAN,0.6852,0.9643,0.9908,54,0.4074,0.8929,0.9725,0.6852,0.9643,0.9908,0.6852,0.9643,0.9908,0.6852,0.9643,0.9908
Media-104406.wav,Ballroom,0.9605,0.9733,0.9946,92,0.3503,0.9412,0.973,0.8588,0.9733,0.9946,0.9605,0.9733,0.9946,0.9605,0.9733,0.9946
178.wav,Hainsworth,0.0,1.0,1.0,113,0.0,0.9912,1.0,0.0,1.0,1.0,0.0,1.0,1.0,0.0,1.0,1.0
blues.00091.wav,GTZAN,0.5652,0.9394,0.9524,63,0.413,0.697,0.7937,0.5652,0.8485,0.9048,0.5652,0.9394,0.9524,0.5652,0.9394,0.9683
blues.00059.wav,GTZAN,1.0,0.7075,0.8548,54,0.5926,0.5306,0.7258,0.963,0.7075,0.8548,1.0,0.7075,0.8548,1.0,0.7075,0.8548
pop.00048.wav,GTZAN,0.992,0.9764,0.9683,62,0.704,0.8819,0.873,0.992,0.9764,0.9683,0.992,0.9764,0.9683,0.992,0.9764,0.9683
Media-105010.wav,Ballroom,0.809,0.9492,1.0,90,0.1348,0.8136,0.9556,0.5618,0.9153,0.9889,0.809,0.9492,1.0,0.9551,0.9605,1.0
blues.00042.wav,GTZAN,0.3889,0.4423,0.4505,30,0.1667,0.3077,0.3243,0.3611,0.4038,0.3964,0.3889,0.4423,0.4505,0.3889,0.5,0.5225
Albums-Ballroom_Magic-09.wav,Ballroom,0.7356,0.9167,0.9886,89,0.0345,0.7738,0.9091,0.4138,0.869,0.9886,0.7356,0.9167,0.9886,0.8851,0.9167,0.9886
hiphop.00039.wav,GTZAN,0.6573,0.9412,0.9899,49,0.5315,0.7647,0.8889,0.6573,0.902,0.9697,0.6573,0.9412,0.9899,0.6573,0.9412,0.9899
jazz.00096.wav,GTZAN,0.1654,0.7755,0.9091,67,0.1353,0.4626,0.5455,0.1504,0.7075,0.8636,0.1654,0.7755,0.9091,0.2105,0.8163,0.9091
country.00012.wav,GTZAN,0.6565,0.9586,1.0,88,0.5344,0.5562,0.6477,0.6412,0.8521,0.9432,0.6565,0.9586,1.0,0.6565,0.9586,1.0
Albums-Latin_Jam-03.wav,Ballroom,0.9903,0.9905,1.0,52,0.2913,0.9714,0.9808,0.9709,0.9905,1.0,0.9903,0.9905,1.0,0.9903,0.9905,1.0
disco.00013.wav,GTZAN,0.6565,0.6612,0.6916,43,0.3359,0.5455,0.5607,0.6107,0.595,0.6355,0.6565,0.6612,0.6916,0.6565,0.6612,0.729
reggae.00067.wav,GTZAN,0.6349,0.9881,1.0,84,0.4603,0.9167,0.8929,0.619,0.9762,1.0,0.6349,0.9881,1.0,0.6349,0.9881,1.0
02_BN2-131-B_comp_mix.wav,GuitarSet,0.3462,0.8226,0.4578,64,0.1346,0.7903,0.4578,0.2885,0.8226,0.4578,0.3462,0.8226,0.4578,0.4038,0.8226,0.4578
classical.00028.wav,GTZAN,0.6325,0.5593,0.551,41,0.2393,0.322,0.3878,0.547,0.4915,0.4898,0.6325,0.5593,0.551,0.6496,0.5763,0.551
167.wav,Hainsworth,0.6667,0.6667,0.6713,48,0.1844,0.6525,0.6713,0.6525,0.6667,0.6713,0.6667,0.6667,0.6713,0.6667,0.6667,0.6713
jazz.00035.wav,GTZAN,0.8116,0.7765,0.8608,35,0.6957,0.3059,0.4304,0.7536,0.5882,0.7089,0.8116,0.7765,0.8608,0.8986,0.8,0.8608
05_BN1-129-Eb_comp_mix.wav,GuitarSet,0.0,0.6279,0.4262,48,0.0,0.2558,0.1967,0.0,0.5116,0.3607,0.0,0.6279,0.4262,0.0,0.6279,0.4262
country.00041.wav,GTZAN,0.918,0.9851,1.0,66,0.6393,0.791,0.8182,0.9016,0.9403,0.9545,0.918,0.9851,1.0,0.918,0.9851,1.0
Albums-Commitments-11.wav,Ballroom,0.9535,0.8077,0.8155,44,0.0698,0.7885,0.7767,0.7907,0.8077,0.7961,0.9535,0.8077,0.8155,0.9535,0.8077,0.835
165.wav,Hainsworth,0.9861,0.9481,0.9799,73,0.1944,0.9481,0.9799,0.9306,0.9481,0.9799,0.9861,0.9481,0.9799,0.9861,0.9481,0.9799
00_Rock1-130-A_comp_mix.wav,GuitarSet,0.2892,0.2769,0.209,48,0.1687,0.2462,0.1791,0.2651,0.2769,0.209,0.2892,0.2769,0.209,0.3855,0.2769,0.209
Media-105213.wav,Ballroom,0.7865,0.717,0.7579,46,0.1573,0.4717,0.5263,0.4944,0.6415,0.6526,0.7865,0.717,0.7579,0.8539,0.7736,0.7789
03_BN3-119-G_comp_mix.wav,GuitarSet,0.9841,0.9173,0.64,64,0.6984,0.7218,0.44,0.9683,0.8872,0.64,0.9841,0.9173,0.64,0.9841,0.9173,0.66
jazz.00011.wav,GTZAN,0.3576,0.9029,0.9072,101,0.1987,0.5534,0.6392,0.2649,0.7573,0.7938,0.3576,0.9029,0.9072,0.5033,0.9126,0.9072
04_Rock1-130-A_comp_mix.wav,GuitarSet,0.9053,0.8704,0.6479,48,0.1474,0.8519,0.5915,0.6947,0.8704,0.6479,0.9053,0.8704,0.6479,0.9895,0.8704,0.6479
Media-103512.wav,Ballroom,0.8605,0.752,0.8571,49,0.1395,0.608,0.819,0.7674,0.736,0.8571,0.8605,0.752,0.8571,0.8605,0.752,0.8571
disco.00048.wav,GTZAN,0.9901,0.9358,0.9615,51,0.5347,0.7339,0.7885,0.9703,0.8991,0.9231,0.9901,0.9358,0.9615,0.9901,0.9358,0.9615
Media-104816.wav,Ballroom,0.5827,0.8639,0.9,74,0.126,0.8402,0.9,0.5354,0.8639,0.9,0.5827,0.8639,0.9,0.5827,0.8639,0.9
jazz.00046.wav,GTZAN,0.5298,0.9429,0.9474,108,0.2119,0.781,0.7368,0.5298,0.9333,0.9378,0.5298,0.9429,0.9474,0.5695,0.9524,0.9569
jazz.00070.wav,GTZAN,1.0,0.8704,0.9714,52,0.8654,0.4444,0.7619,0.9808,0.7778,0.9333,1.0,0.8704,0.9714,1.0,0.9074,0.9905
classical.00018.wav,GTZAN,0.3361,0.1573,0.2857,40,0.1513,0.0899,0.1558,0.3025,0.1348,0.2597,0.3361,0.1573,0.2857,0.3866,0.2022,0.3377
jazz.00078.wav,GTZAN,0.2833,0.8121,0.8834,81,0.1333,0.5333,0.5767,0.1833,0.7879,0.7975,0.2833,0.8121,0.8834,0.4833,0.8364,0.9202
Albums-Macumba-15.wav,Ballroom,0.5271,0.8387,0.9379,88,0.0465,0.7849,0.9266,0.3411,0.8387,0.9379,0.5271,0.8387,0.9379,0.6047,0.8602,0.9379
Media-104208.wav,Ballroom,0.7619,0.8421,0.9457,65,0.2476,0.7895,0.9302,0.6667,0.8421,0.9457,0.7619,0.8421,0.9457,0.7619,0.8553,0.9612
01_Rock1-90-C#_comp_mix.wav,GuitarSet,0.9684,0.8539,0.8636,48,0.4842,0.6966,0.7727,0.8632,0.8539,0.8636,0.9684,0.8539,0.8636,0.9895,0.8539,0.8636
blues.00070.wav,GTZAN,0.9863,0.973,0.9664,74,0.6301,0.7838,0.7651,0.9452,0.9459,0.9664,0.9863,0.973,0.9664,0.9863,0.973,0.9664
blues.00035.wav,GTZAN,0.9062,0.4706,0.4789,65,0.6406,0.2222,0.2676,0.875,0.4052,0.3944,0.9062,0.4706,0.4789,0.9531,0.549,0.5352
country.00020.wav,GTZAN,0.9804,0.8387,0.9204,52,0.3725,0.7258,0.8673,0.902,0.8226,0.9204,0.9804,0.8387,0.9204,0.9804,0.8387,0.9204
Albums-Cafe_Paradiso-12.wav,Ballroom,0.9895,0.5872,0.6786,48,0.1263,0.4771,0.6607,0.8211,0.5688,0.6786,0.9895,0.5872,0.6786,0.9895,0.5872,0.6786
05_Funk1-114-Ab_comp_mix.wav,GuitarSet,0.4894,0.4337,0.4118,48,0.2766,0.1205,0.2059,0.4468,0.4337,0.4118,0.4894,0.4337,0.4118,0.4894,0.4578,0.4118
hiphop.00095.wav,GTZAN,0.9908,0.8308,0.9649,55,0.7156,0.7077,0.8772,0.9908,0.8154,0.9649,0.9908,0.8308,0.9649,0.9908,0.8308,0.9649
country.00088.wav,GTZAN,0.9905,1.0,0.9811,53,0.4571,0.9245,0.9434,0.9905,0.9811,0.9811,0.9905,1.0,0.9811,0.9905,1.0,0.9811
Albums-Cafe_Paradiso-14.wav,Ballroom,0.619,0.9651,0.9765,84,0.0159,0.9186,0.9647,0.381,0.9651,0.9765,0.619,0.9651,0.9765,0.619,0.9651,0.9765
reggae.00042.wav,GTZAN,0.9391,0.9917,0.9917,60,0.5565,0.7273,0.8099,0.8696,0.9256,0.9421,0.9391,0.9917,0.9917,0.9565,0.9917,0.9917
country.00076.wav,GTZAN,0.9565,0.9517,1.0,72,0.6232,0.5793,0.7222,0.913,0.8414,0.9306,0.9565,0.9517,1.0,0.9565,0.9655,1.0
Albums-Ballroom_Magic-11.wav,Ballroom,0.9492,0.8862,0.9474,90,0.339,0.7305,0.9123,0.7458,0.8503,0.9474,0.9492,0.8862,0.9474,0.9831,0.8982,0.9474
00_BN1-147-Gb_comp_mix.wav,GuitarSet,0.1075,0.4225,0.6575,48,0.0215,0.3099,0.4932,0.086,0.338,0.6027,0.1075,0.4225,0.6575,0.129,0.4507,0.6575
Albums-Pais_Tropical-09.wav,Ballroom,0.9899,0.9434,1.0,50,0.303,0.8679,1.0,0.9091,0.9434,1.0,0.9899,0.9434,1.0,0.9899,0.9434,1.0
metal.00029.wav,GTZAN,0.8718,0.9037,0.9919,61,0.5641,0.5778,0.6504,0.8547,0.8444,0.9756,0.8718,0.9037,0.9919,0.906,0.9037,0.9919
jazz.00072.wav,GTZAN,0.5298,0.9429,0.9474,108,0.2119,0.7905,0.7368,0.5298,0.9333,0.9378,0.5298,0.9429,0.9474,0.5695,0.9524,0.9569
rock.00063.wav,GTZAN,0.3366,0.8661,0.896,63,0.1584,0.5984,0.768,0.2574,0.8346,0.88,0.3366,0.8661,0.896,0.396,0.8976,0.896
Media-105818.wav,Ballroom,0.5616,0.9239,0.9706,103,0.137,0.8325,0.8725,0.5205,0.9239,0.9706,0.5616,0.9239,0.9706,0.5753,0.934,0.9706
classical.00045.wav,GTZAN,0.5522,0.6786,0.72,48,0.2687,0.4107,0.46,0.4328,0.5179,0.58,0.5522,0.6786,0.72,0.5672,0.7857,0.82
Media-103409.wav,Ballroom,0.9836,0.8652,0.9606,61,0.2623,0.8369,0.9449,0.918,0.8652,0.9606,0.9836,0.8652,0.9606,0.9836,0.8652,0.9606
Media-104307.wav,Ballroom,0.5778,0.9724,0.9832,89,0.163,0.895,0.9832,0.5037,0.9724,0.9832,0.5778,0.9724,0.9832,0.5926,0.9724,0.9832
rock.00019.wav,GTZAN,0.9655,0.8615,0.9167,60,0.5,0.8154,0.8667,0.9483,0.8154,0.9167,0.9655,0.8615,0.9167,0.9655,0.8769,0.9333
jazz.00076.wav,GTZAN,0.3059,0.5055,0.5909,31,0.1412,0.3077,0.5227,0.2588,0.4835,0.5455,0.3059,0.5055,0.5909,0.3059,0.5934,0.6136
Albums-Latin_Jam3-05.wav,Ballroom,0.9697,0.9804,0.9901,50,0.202,0.9804,0.9901,0.9293,0.9804,0.9901,0.9697,0.9804,0.9901,0.9697,0.9804,0.9901
reggae.00047.wav,GTZAN,0.9861,0.9932,0.9932,73,0.5139,0.8027,0.8844,0.9722,0.9252,0.966,0.9861,0.9932,0.9932,0.9861,0.9932,0.9932
reggae.00063.wav,GTZAN,0.9718,0.9667,0.9834,91,0.5085,0.9,0.9503,0.9379,0.9667,0.9834,0.9718,0.9667,0.9834,0.9718,0.9667,0.9834
Albums-I_Like_It2-02.wav,Ballroom,0.9558,0.9593,0.9752,59,0.3186,0.9593,0.9587,0.9204,0.9593,0.9752,0.9558,0.9593,0.9752,0.9558,0.9593,0.9752
reggae.00084.wav,GTZAN,0.585,0.8621,0.7092,50,0.449,0.6724,0.5674,0.5714,0.8621,0.7092,0.585,0.8621,0.7092,0.5986,0.8621,0.7092
244.wav,Hainsworth,0.4298,0.7285,0.8819,61,0.0331,0.6755,0.7559,0.1488,0.7285,0.8661,0.4298,0.7285,0.8819,0.595,0.755,0.9134
Albums-Step_By_Step-18.wav,Ballroom,0.9851,0.902,0.9366,102,0.4279,0.7157,0.761,0.9055,0.8431,0.9171,0.9851,0.902,0.9366,0.9851,0.951,0.9659
country.00097.wav,GTZAN,0.5067,0.48,0.48,19,0.2667,0.4267,0.48,0.5067,0.48,0.48,0.5067,0.48,0.48,0.5067,0.48,0.48
115.wav,Hainsworth,0.6621,0.9896,0.9922,194,0.3241,0.9792,0.9403,0.6552,0.9896,0.987,0.6621,0.9896,0.9922,0.6621,0.9896,0.9922
rock.00084.wav,GTZAN,1.0,0.9697,1.0,65,0.6154,0.8333,0.8308,1.0,0.9545,0.9846,1.0,0.9697,1.0,1.0,0.9697,1.0
01_BN3-119-G_comp_mix.wav,GuitarSet,0.9683,0.9921,0.9508,64,0.619,0.8189,0.7541,0.8889,0.9449,0.918,0.9683,0.9921,0.9508,0.9683,0.9921,0.9508
hiphop.00072.wav,GTZAN,0.9684,0.9231,0.9505,49,0.8632,0.7115,0.8713,0.9474,0.9038,0.9307,0.9684,0.9231,0.9505,0.9684,0.9231,0.9505
Albums-Macumba-02.wav,Ballroom,0.958,0.7296,0.8358,60,0.1513,0.6792,0.8209,0.7563,0.7296,0.8358,0.958,0.7296,0.8358,0.958,0.7296,0.8358
172.wav,Hainsworth,0.9868,0.7724,0.7837,114,0.2115,0.7586,0.7837,0.9251,0.7724,0.7837,0.9868,0.7724,0.7837,0.9956,0.7724,0.7837
Media-104508.wav,Ballroom,0.9425,0.9944,0.9944,89,0.046,0.9162,0.9609,0.5747,0.9832,0.9832,0.9425,0.9944,0.9944,0.977,0.9944,0.9944
Albums-Pais_Tropical-08.wav,Ballroom,0.9412,0.9457,0.9683,61,0.2857,0.9457,0.9683,0.9244,0.9457,0.9683,0.9412,0.9457,0.9683,0.9412,0.9457,0.9683
Media-103803.wav,Ballroom,0.9756,0.9242,0.9764,63,0.2276,0.9091,0.9606,0.878,0.9242,0.9764,0.9756,0.9242,0.9764,0.9756,0.9242,0.9764
metal.00090.wav,GTZAN,0.6515,0.7792,0.9551,89,0.3939,0.5455,0.809,0.6364,0.7403,0.9551,0.6515,0.7792,0.9551,0.6515,0.7792,0.9551
04_Funk1-97-C_comp_mix.wav,GuitarSet,0.6737,0.4505,0.475,48,0.4632,0.3063,0.325,0.6105,0.4324,0.475,0.6737,0.4505,0.475,0.8211,0.4505,0.475
jazz.00041.wav,GTZAN,0.5152,0.943,0.9947,94,0.2576,0.8394,0.9101,0.3939,0.9326,0.9841,0.5152,0.943,0.9947,0.5455,0.943,0.9947
084.wav,Hainsworth,0.9659,0.9062,0.9128,91,0.2614,0.8854,0.9026,0.9091,0.8958,0.9026,0.9659,0.9062,0.9128,0.9659,0.9167,0.9128
hiphop.00028.wav,GTZAN,0.9438,0.6111,0.7826,45,0.7191,0.2963,0.413,0.8539,0.5,0.6522,0.9438,0.6111,0.7826,0.9663,0.7037,0.8913
05_Jazz1-130-D_comp_mix.wav,GuitarSet,0.3043,0.3662,0.2857,48,0.2609,0.1408,0.127,0.3043,0.3099,0.254,0.3043,0.3662,0.2857,0.3261,0.3662,0.3175
02_Jazz3-137-Eb_comp_mix.wav,GuitarSet,0.976,0.6981,0.2933,64,0.24,0.566,0.2933,0.736,0.6981,0.2933,0.976,0.6981,0.2933,0.976,0.6981,0.2933
Media-103815.wav,Ballroom,0.4872,0.6863,0.809,39,0.0769,0.5882,0.809,0.4103,0.6667,0.809,0.4872,0.6863,0.809,0.4872,0.6863,0.809
213.wav,Hainsworth,0.9765,0.9091,0.952,109,0.2441,0.8831,0.9345,0.8638,0.9091,0.952,0.9765,0.9091,0.952,0.9765,0.9091,0.952
jazz.00030.wav,GTZAN,0.2745,0.2815,0.4167,52,0.0654,0.1926,0.2292,0.2092,0.2815,0.375,0.2745,0.2815,0.4167,0.4314,0.3852,0.5
Media-106118.wav,Ballroom,0.6667,0.4878,0.5738,37,0.2703,0.374,0.5246,0.5946,0.4878,0.5738,0.6667,0.4878,0.5738,0.6667,0.4878,0.5738
jazz.00090.wav,GTZAN,1.0,0.9379,0.9774,68,0.6176,0.6621,0.812,1.0,0.8966,0.9624,1.0,0.9379,0.9774,1.0,0.9379,0.9774
blues.00006.wav,GTZAN,0.9589,0.4426,0.4842,37,0.5205,0.1967,0.3368,0.9041,0.377,0.4,0.9589,0.4426,0.4842,0.9589,0.4918,0.5895
hiphop.00032.wav,GTZAN,0.84,0.9259,0.8547,50,0.34,0.5,0.3932,0.58,0.8148,0.735,0.84,0.9259,0.8547,0.98,0.9259,0.8547
05_Funk2-108-Eb_comp_mix.wav,GuitarSet,0.0157,0.1333,0.3918,64,0.0157,0.0667,0.2474,0.0157,0.1333,0.3299,0.0157,0.1333,0.3918,0.0157,0.1333,0.4124
classical.00016.wav,GTZAN,0.8095,0.8283,0.898,50,0.619,0.2828,0.551,0.7857,0.6465,0.7551,0.8095,0.8283,0.898,0.8095,0.8687,0.9592
blues.00012.wav,GTZAN,0.6232,0.7091,0.6372,47,0.3188,0.5091,0.4425,0.5507,0.6545,0.5487,0.6232,0.7091,0.6372,0.6522,0.8,0.7257
blues.00088.wav,GTZAN,0.0,0.3267,0.1695,86,0.0,0.2178,0.0452,0.0,0.2871,0.1243,0.0,0.3267,0.1695,0.0,0.3366,0.1921
rock.00041.wav,GTZAN,0.9643,0.912,0.9402,58,0.3929,0.832,0.8376,0.9107,0.912,0.8889,0.9643,0.912,0.9402,0.9643,0.912,0.9402
reggae.00001.wav,GTZAN,0.6552,0.7048,0.6226,39,0.3448,0.6095,0.566,0.6379,0.6857,0.6226,0.6552,0.7048,0.6226,0.6724,0.7048,0.6226
111.wav,Hainsworth,0.6601,0.539,0.6364,103,0.1576,0.461,0.5372,0.4828,0.5177,0.6033,0.6601,0.539,0.6364,0.7192,0.5816,0.7025
05_Funk3-112-C#_comp_mix.wav,GuitarSet,0.8281,0.3261,0.4091,64,0.5469,0.2391,0.3409,0.8281,0.3043,0.3636,0.8281,0.3261,0.4091,0.8281,0.3478,0.4091
jazz.00009.wav,GTZAN,0.5926,0.6118,0.641,28,0.1235,0.5176,0.5385,0.4938,0.5882,0.6154,0.5926,0.6118,0.641,0.5926,0.6118,0.641
Media-104617.wav,Ballroom,0.6093,0.9412,0.9453,103,0.3709,0.6569,0.806,0.5828,0.902,0.9254,0.6093,0.9412,0.9453,0.6225,0.951,0.9552
hiphop.00078.wav,GTZAN,0.9485,0.9412,0.9899,49,0.7423,0.7843,0.9091,0.9485,0.9412,0.9899,0.9485,0.9412,0.9899,0.9485,0.9412,0.9899
reggae.00095.wav,GTZAN,0.0,0.9683,0.9919,62,0.0,0.9206,0.9593,0.0,0.9683,0.9919,0.0,0.9683,0.9919,0.0,0.9683,0.9919
Media-100602.wav,Ballroom,0.8101,0.8736,0.8537,41,0.2025,0.6897,0.7317,0.557,0.8276,0.8293,0.8101,0.8736,0.8537,0.8861,0.8736,0.878
Albums-AnaBelen_Veneo-02.wav,Ballroom,0.6804,0.6923,0.7708,47,0.2887,0.6923,0.7708,0.6804,0.6923,0.7708,0.6804,0.6923,0.7708,0.7423,0.6923,0.7708
hiphop.00027.wav,GTZAN,0.9778,0.9783,0.9783,46,0.8,0.7826,0.8478,0.9778,0.9783,0.9783,0.9778,0.9783,0.9783,0.9778,0.9783,0.9783
03_Rock2-142-D_comp_mix.wav,GuitarSet,0.9291,0.3765,0.24,64,0.189,0.3059,0.24,0.6457,0.3765,0.24,0.9291,0.3765,0.24,0.9606,0.3765,0.24
202.wav,Hainsworth,0.4545,0.6667,0.7468,66,0.0909,0.4023,0.3797,0.197,0.5517,0.5696,0.4545,0.6667,0.7468,0.7121,0.7011,0.7848
metal.00098.wav,GTZAN,0.6607,0.8085,0.8,39,0.4286,0.7234,0.7556,0.6607,0.7872,0.8,0.6607,0.8085,0.8,0.6607,0.8085,0.8
238.wav,Hainsworth,0.9953,0.9817,0.9817,107,0.2723,0.9817,0.9817,0.9671,0.9817,0.9817,0.9953,0.9817,0.9817,0.9953,0.9817,0.9817
00_Funk1-97-C_comp_mix.wav,GuitarSet,0.2407,0.2143,0.3333,48,0.1296,0.1667,0.3077,0.1852,0.2143,0.3333,0.2407,0.2143,0.3333,0.2778,0.2143,0.3333
006.wav,Hainsworth,0.2663,0.3825,0.4862,64,0.0489,0.2709,0.4088,0.1957,0.3506,0.4751,0.2663,0.3825,0.4862,0.3043,0.4064,0.4972
02_BN2-166-Ab_comp_mix.wav,GuitarSet,0.3846,0.4048,0.2895,64,0.0385,0.381,0.2632,0.25,0.4048,0.2895,0.3846,0.4048,0.2895,0.4231,0.4048,0.2895
country.00008.wav,GTZAN,0.9688,0.6038,0.6875,33,0.625,0.6038,0.6875,0.9688,0.6038,0.6875,0.9688,0.6038,0.6875,0.9688,0.6038,0.6875
01_Rock3-148-C_comp_mix.wav,GuitarSet,0.4,0.8,0.9524,64,0.019,0.8,0.9365,0.2667,0.8,0.9524,0.4,0.8,0.9524,0.4,0.8167,0.9524
Albums-Commitments-10.wav,Ballroom,0.6271,0.9686,0.956,78,0.1186,0.9686,0.956,0.5932,0.9686,0.956,0.6271,0.9686,0.956,0.6271,0.9686,0.956
Albums-GloriaEstefan_MiTierra-01.wav,Ballroom,0.9286,0.8247,0.8444,41,0.3095,0.7835,0.8444,0.8095,0.8247,0.8444,0.9286,0.8247,0.8444,0.9286,0.8454,0.8667
disco.00078.wav,GTZAN,0.896,0.7692,0.7536,64,0.448,0.6713,0.7101,0.832,0.7552,0.7391,0.896,0.7692,0.7536,0.912,0.8112,0.7536
